<?xml version="1.0"?>
<doc>
    <assembly>
        <name>NuGet.DependencyResolver.Core</name>
    </assembly>
    <members>
        <member name="T:NuGet.DependencyResolver.LibraryRangeCacheKey">
            <summary>
            Helper class to hold a library range and framework.
            </summary>
        </member>
        <member name="P:NuGet.DependencyResolver.LibraryRangeCacheKey.Framework">
            <summary>
            Target framework
            </summary>
        </member>
        <member name="P:NuGet.DependencyResolver.LibraryRangeCacheKey.LibraryRange">
            <summary>
            Library range information.
            </summary>
        </member>
        <member name="M:NuGet.DependencyResolver.PackagingUtility.GetLibraryDependencyFromNuspec(NuGet.Packaging.Core.PackageDependency)">
            <summary>
            Convert a nuspec dependency to a library dependency.
            </summary>
        </member>
        <member name="T:NuGet.DependencyResolver.GraphEdge`1">
            <summary>
            GraphEdge holds a reference to the parent node, the incoming edge to the parent, and
            the out going edge to the current position of the walk.
            
            Root -> OuterEdge -> Node -> Edge -> (Current Node)
            </summary>
        </member>
        <member name="P:NuGet.DependencyResolver.GraphEdge`1.OuterEdge">
            <summary>
            Incoming edge to <see cref="P:NuGet.DependencyResolver.GraphEdge`1.Item"/>.
            </summary>
        </member>
        <member name="P:NuGet.DependencyResolver.GraphEdge`1.Item">
            <summary>
            Graph node between <see cref="P:NuGet.DependencyResolver.GraphEdge`1.OuterEdge"/> and <see cref="P:NuGet.DependencyResolver.GraphEdge`1.Edge"/>.
            </summary>
        </member>
        <member name="P:NuGet.DependencyResolver.GraphEdge`1.Edge">
            <summary>
            Outgoing edge from <see cref="P:NuGet.DependencyResolver.GraphEdge`1.Item"/>.
            </summary>
        </member>
        <member name="M:NuGet.DependencyResolver.IProjectDependencyProvider.GetLibrary(NuGet.LibraryModel.LibraryRange,NuGet.Frameworks.NuGetFramework,System.String)">
            <summary>
            Resolves a local library.
            </summary>
            <param name="libraryRange">Dependency requirements.</param>
            <param name="targetFramework">Project framework.</param>
            <param name="rootPath">Root path of the parent project. This is used for resolving global.json.</param>
            <remarks>The root project is used if no <see cref="!:rootPath" /> is given.</remarks>
        </member>
        <member name="T:NuGet.DependencyResolver.LocalMatch">
            <summary>
            Extends <see cref="T:NuGet.DependencyResolver.RemoteMatch"/> to add a reference to the full Library.
            </summary>
        </member>
        <member name="P:NuGet.DependencyResolver.LocalMatch.LocalLibrary">
            <summary>
            Full local Library metadata
            </summary>
        </member>
        <member name="P:NuGet.DependencyResolver.LocalMatch.LocalProvider">
            <summary>
            The local provider where the library was found.
            </summary>
        </member>
        <member name="M:NuGet.DependencyResolver.RemoteDependencyWalker.GetRootPathForParentProject(NuGet.DependencyResolver.GraphEdge{NuGet.DependencyResolver.RemoteResolveResult})">
            <summary>
            Returns root directory of the parent project.
            This will be null if the reference is from a non-project type.
            </summary>
        </member>
        <member name="P:NuGet.DependencyResolver.RemoteWalkContext.FindLibraryEntryCache">
            <summary>
            Library entry cache.
            </summary>
        </member>
        <member name="P:NuGet.DependencyResolver.RemoteWalkContext.PackageFileCache">
            <summary>
            Files contained in a package.
            </summary>
        </member>
        <member name="P:NuGet.DependencyResolver.RemoteWalkContext.IsMsBuildBased">
            <summary>
            True if this is a csproj or similar project. Xproj should be false.
            </summary>
        </member>
        <member name="T:NuGet.Shared.HashCodeCombiner">
            <summary>
            Hash code creator, based on the original NuGet hash code combiner/ASP hash code combiner implementations
            </summary>
        </member>
        <member name="M:NuGet.Shared.HashCodeCombiner.GetHashCode(System.Object[])">
            <summary>
            Create a unique hash code for the given set of items
            </summary>
        </member>
        <member name="M:NuGet.Shared.Extensions.OrderedEquals``2(System.Collections.Generic.IEnumerable{``0},System.Collections.Generic.IEnumerable{``0},System.Func{``0,``1},System.Collections.Generic.IComparer{``1},System.Collections.Generic.IEqualityComparer{``0})">
            <summary>
            Compares two enumberables for equality, ordered according to the specified key and optional comparer. Handles null values gracefully.
            </summary>
            <typeparam name="TSource">The type of the list</typeparam>
            <typeparam name="TKey">The type of the sorting key</typeparam>
            <param name="self">This list</param>
            <param name="other">The other list</param>
            <param name="keySelector">The function to extract the key from each item in the list</param>
            <param name="orderComparer">An optional comparer for comparing keys</param>
            <param name="sequenceComparer">An optional comparer for sequences</param>
        </member>
    </members>
</doc>
