<?xml version="1.0"?>
<doc>
    <assembly>
        <name>NuGet.Frameworks</name>
    </assembly>
    <members>
        <member name="T:NuGet.Frameworks.CompatibilityCacheKey">
            <summary>
            Internal cache key used to store framework compatibility.
            </summary>
        </member>
        <member name="M:NuGet.Frameworks.CompatibilityProvider.IsCompatible(NuGet.Frameworks.NuGetFramework,NuGet.Frameworks.NuGetFramework)">
            <summary>
            Check if the frameworks are compatible.
            </summary>
            <param name="target">Project framework</param>
            <param name="candidate">Other framework to check against the project framework</param>
            <returns>True if framework supports other</returns>
        </member>
        <member name="M:NuGet.Frameworks.CompatibilityProvider.IsCompatibleCore(NuGet.Frameworks.NuGetFramework,NuGet.Frameworks.NuGetFramework)">
            <summary>
            Actual compatibility check without caching
            </summary>
        </member>
        <member name="M:NuGet.Frameworks.CompatibilityProvider.GetEquivalentFrameworksClosure(NuGet.Frameworks.NuGetFramework)">
            <summary>
            Find all equivalent frameworks, and their equivalent frameworks.
            Example:
            Mappings:
            A &lt;&#8210;&gt; B
            B &lt;&#8210;&gt; C
            C &lt;&#8210;&gt; D
            For A we need to find B, C, and D so we must retrieve equivalent frameworks for A, B, and C
            also as we discover them.
            </summary>
        </member>
        <member name="T:NuGet.Frameworks.CompatibilityTable">
            <summary>
            Creates a table of compatible frameworks.
            </summary>
        </member>
        <member name="M:NuGet.Frameworks.CompatibilityTable.HasFramework(NuGet.Frameworks.NuGetFramework)">
            <summary>
            True if the framework is in the table.
            </summary>
        </member>
        <member name="M:NuGet.Frameworks.CompatibilityTable.GetNearest(NuGet.Frameworks.NuGetFramework)">
            <summary>
            Gives the smallest set of frameworks from the table that cover everything the given framework would cover.
            </summary>
        </member>
        <member name="M:NuGet.Frameworks.CompatibilityTable.TryGetCompatible(NuGet.Frameworks.NuGetFramework,System.Collections.Generic.IEnumerable{NuGet.Frameworks.NuGetFramework}@)">
            <summary>
            Returns the list of all frameworks compatible with the given framework
            </summary>
        </member>
        <member name="P:NuGet.Frameworks.DefaultFrameworkMappings.Instance">
            <summary>
            Singleton instance of the default framework mappings.
            </summary>
        </member>
        <member name="T:NuGet.Frameworks.DefaultPortableFrameworkMappings">
            <summary>
            Contains the standard portable framework mappings
            </summary>
        </member>
        <member name="P:NuGet.Frameworks.DefaultPortableFrameworkMappings.Instance">
            <summary>
            Static instance of the portable framework mappings
            </summary>
        </member>
        <member name="P:NuGet.Frameworks.FallbackFramework.Fallback">
            <summary>
            List framework to fall back to.
            </summary>
        </member>
        <member name="T:NuGet.Frameworks.FrameworkConstants.CommonFrameworks">
            <summary>
            Interned frameworks that are commonly used in NuGet
            </summary>
        </member>
        <member name="T:NuGet.Frameworks.FrameworkExpander">
            <summary>
            FrameworkExpander finds all equivalent and compatible frameworks for a NuGetFramework
            </summary>
        </member>
        <member name="M:NuGet.Frameworks.FrameworkExpander.Expand(NuGet.Frameworks.NuGetFramework)">
            <summary>
            Return all possible equivalent, subset, and known compatible frameworks.
            </summary>
        </member>
        <member name="M:NuGet.Frameworks.FrameworkExpander.ExpandInternal(NuGet.Frameworks.NuGetFramework)">
            <summary>
            Finds all expansions using the mapping provider
            </summary>
        </member>
        <member name="M:NuGet.Frameworks.NuGetFrameworkExtensions.IsDesktop(NuGet.Frameworks.NuGetFramework)">
            <summary>
            True if the Framework is .NETFramework
            </summary>
        </member>
        <member name="M:NuGet.Frameworks.NuGetFrameworkExtensions.GetNearest``1(System.Collections.Generic.IEnumerable{``0},NuGet.Frameworks.NuGetFramework)">
            <summary>
            Return the item with the target framework nearest the project framework
            </summary>
        </member>
        <member name="F:NuGet.Frameworks.FrameworkNameProvider._identifierSynonyms">
            <summary>
            Contains identifier -> identifier
            Ex: .NET Framework -> .NET Framework
            Ex: NET Framework -> .NET Framework
            This includes self mappings.
            </summary>
        </member>
        <member name="M:NuGet.Frameworks.FrameworkNameProvider.TryConvertOrNormalize(System.String,System.Collections.Generic.IDictionary{System.String,System.String},System.Collections.Generic.IDictionary{System.String,System.String},System.String@)">
            <summary>
            Converts a key using the mappings, or if the key is already converted, finds the normalized form.
            </summary>
        </member>
        <member name="M:NuGet.Frameworks.FrameworkNameProvider.GetAllEquivalentFrameworks(NuGet.Frameworks.NuGetFramework)">
            <summary>  
            Get all equivalent frameworks including the given framework  
            </summary>  
        </member>
        <member name="M:NuGet.Frameworks.FrameworkNameProvider.AddEquivalentProfiles(System.Collections.Generic.IEnumerable{NuGet.Frameworks.FrameworkSpecificMapping})">
            <summary>
            2 way per framework profile equivalence
            </summary>
            <param name="mappings"></param>
        </member>
        <member name="M:NuGet.Frameworks.FrameworkNameProvider.AddEquivalentFrameworks(System.Collections.Generic.IEnumerable{System.Collections.Generic.KeyValuePair{NuGet.Frameworks.NuGetFramework,NuGet.Frameworks.NuGetFramework}})">
            <summary>
            2 way framework equivalence
            </summary>
            <param name="mappings"></param>
        </member>
        <member name="T:NuGet.Frameworks.FrameworkRange">
            <summary>
            An inclusive range of frameworks
            </summary>
        </member>
        <member name="P:NuGet.Frameworks.FrameworkRange.Min">
            <summary>
            Minimum Framework
            </summary>
        </member>
        <member name="P:NuGet.Frameworks.FrameworkRange.Max">
            <summary>
            Maximum Framework
            </summary>
        </member>
        <member name="P:NuGet.Frameworks.FrameworkRange.IncludeMin">
            <summary>
            Minimum version inclusiveness.
            </summary>
        </member>
        <member name="P:NuGet.Frameworks.FrameworkRange.IncludeMax">
            <summary>
            Maximum version inclusiveness.
            </summary>
        </member>
        <member name="P:NuGet.Frameworks.FrameworkRange.FrameworkIdentifier">
            <summary>
            Framework Identifier of both the Min and Max
            </summary>
        </member>
        <member name="M:NuGet.Frameworks.FrameworkRange.Satisfies(NuGet.Frameworks.NuGetFramework)">
            <summary>
            True if the framework version falls between the min and max
            </summary>
        </member>
        <member name="T:NuGet.Frameworks.FrameworkReducer">
            <summary>
            Reduces a list of frameworks into the smallest set of frameworks required.
            </summary>
        </member>
        <member name="M:NuGet.Frameworks.FrameworkReducer.#ctor">
            <summary>
            Creates a FrameworkReducer using the default framework mappings.
            </summary>
        </member>
        <member name="M:NuGet.Frameworks.FrameworkReducer.#ctor(NuGet.Frameworks.IFrameworkNameProvider,NuGet.Frameworks.IFrameworkCompatibilityProvider)">
            <summary>
            Creates a FrameworkReducer using custom framework mappings.
            </summary>
        </member>
        <member name="M:NuGet.Frameworks.FrameworkReducer.GetNearest(NuGet.Frameworks.NuGetFramework,System.Collections.Generic.IEnumerable{NuGet.Frameworks.NuGetFramework})">
            <summary>
            Returns the nearest matching framework that is compatible.
            </summary>
            <param name="framework">Project target framework</param>
            <param name="possibleFrameworks">Possible frameworks to narrow down</param>
            <returns>Nearest compatible framework. If no frameworks are compatible null is returned.</returns>
        </member>
        <member name="M:NuGet.Frameworks.FrameworkReducer.ReduceEquivalent(System.Collections.Generic.IEnumerable{NuGet.Frameworks.NuGetFramework})">
            <summary>
            Remove duplicates found in the equivalence mappings.
            </summary>
        </member>
        <member name="M:NuGet.Frameworks.FrameworkReducer.ReduceUpwards(System.Collections.Generic.IEnumerable{NuGet.Frameworks.NuGetFramework})">
            <summary>
            Reduce to the highest framework
            Ex: net45, net403, net40 -> net45
            </summary>
        </member>
        <member name="M:NuGet.Frameworks.FrameworkReducer.ReduceDownwards(System.Collections.Generic.IEnumerable{NuGet.Frameworks.NuGetFramework})">
            <summary>
            Reduce to the lowest framework
            Ex: net45, net403, net40 -> net40
            </summary>
        </member>
        <member name="M:NuGet.Frameworks.FrameworkReducer.ExplodePortableFrameworks(System.Collections.Generic.IEnumerable{NuGet.Frameworks.NuGetFramework},System.Boolean)">
            <summary>
            Create lookup of the given PCLs to their actual frameworks
            </summary>
        </member>
        <member name="M:NuGet.Frameworks.FrameworkReducer.ExplodePortableFramework(NuGet.Frameworks.NuGetFramework,System.Boolean)">
            <summary>
            portable-net45+win8 -> net45, win8
            </summary>
        </member>
        <member name="M:NuGet.Frameworks.FrameworkReducer.GetBestPCL(System.Collections.Generic.IEnumerable{NuGet.Frameworks.NuGetFramework})">
            <summary>
            Order PCLs when there is no other way to decide.
            </summary>
        </member>
        <member name="M:NuGet.Frameworks.FrameworkReducer.IsBetterPCL(NuGet.Frameworks.NuGetFramework,NuGet.Frameworks.NuGetFramework)">
            <summary>
            Sort PCLs using these criteria
            1. Lowest number of frameworks (highest surface area) wins first
            2. Profile with the highest version numbers wins next
            3. String compare is used as a last resort
            </summary>
        </member>
        <member name="T:NuGet.Frameworks.FrameworkSpecificMapping">
            <summary>
            A keyvalue pair specific to a framework identifier
            </summary>
        </member>
        <member name="T:NuGet.Frameworks.HashCodeCombiner">
            <summary>
            Hash code creator, based on the original NuGet hash code combiner/ASP hash code combiner implementations
            </summary>
        </member>
        <member name="M:NuGet.Frameworks.HashCodeCombiner.GetHashCode(System.Object[])">
            <summary>
            Create a unique hash code for the given set of items
            </summary>
        </member>
        <member name="T:NuGet.Frameworks.NuGetFramework">
            <summary>
            A portable implementation of the .NET FrameworkName type with added support for NuGet folder names.
            </summary>
        </member>
        <member name="P:NuGet.Frameworks.NuGetFramework.Framework">
            <summary>
            Target framework
            </summary>
        </member>
        <member name="P:NuGet.Frameworks.NuGetFramework.Version">
            <summary>
            Target framework version
            </summary>
        </member>
        <member name="P:NuGet.Frameworks.NuGetFramework.HasProfile">
            <summary>
            True if the profile is non-empty
            </summary>
        </member>
        <member name="P:NuGet.Frameworks.NuGetFramework.Profile">
            <summary>
            Target framework profile
            </summary>
        </member>
        <member name="P:NuGet.Frameworks.NuGetFramework.DotNetFrameworkName">
            <summary>
            Formatted to a System.Versioning.FrameworkName
            </summary>
        </member>
        <member name="M:NuGet.Frameworks.NuGetFramework.GetDotNetFrameworkName(NuGet.Frameworks.IFrameworkNameProvider)">
            <summary>
            Formatted to a System.Versioning.FrameworkName
            </summary>
        </member>
        <member name="M:NuGet.Frameworks.NuGetFramework.GetShortFolderName">
            <summary>
            Creates the shortened version of the framework using the default mappings.
            Ex: net45
            </summary>
        </member>
        <member name="M:NuGet.Frameworks.NuGetFramework.GetShortFolderName(NuGet.Frameworks.IFrameworkNameProvider)">
            <summary>
            Creates the shortened version of the framework using the given mappings.
            </summary>
        </member>
        <member name="P:NuGet.Frameworks.NuGetFramework.IsPCL">
            <summary>
            Portable class library check
            </summary>
        </member>
        <member name="P:NuGet.Frameworks.NuGetFramework.IsPackageBased">
            <summary>
            True if the framework is packages based.
            Ex: dotnet, dnxcore, netcoreapp, netstandard, uap, netcore50
            </summary>
        </member>
        <member name="P:NuGet.Frameworks.NuGetFramework.AllFrameworkVersions">
            <summary>
            True if this framework matches for all versions.
            Ex: net
            </summary>
        </member>
        <member name="P:NuGet.Frameworks.NuGetFramework.IsUnsupported">
            <summary>
            True if this framework was invalid or unknown. This framework is only compatible with Any and Agnostic.
            </summary>
        </member>
        <member name="P:NuGet.Frameworks.NuGetFramework.IsAgnostic">
            <summary>
            True if this framework is non-specific. Always compatible.
            </summary>
        </member>
        <member name="P:NuGet.Frameworks.NuGetFramework.IsAny">
            <summary>
            True if this is the any framework. Always compatible.
            </summary>
        </member>
        <member name="P:NuGet.Frameworks.NuGetFramework.IsSpecificFramework">
            <summary>
            True if this framework is real and not one of the special identifiers.
            </summary>
        </member>
        <member name="F:NuGet.Frameworks.NuGetFramework.Comparer">
            <summary>
            Full framework comparison of the identifier, version, profile, platform, and platform version
            </summary>
        </member>
        <member name="F:NuGet.Frameworks.NuGetFramework.FrameworkNameComparer">
            <summary>
            Framework name only comparison.
            </summary>
        </member>
        <member name="F:NuGet.Frameworks.NuGetFramework._packagesBased">
            <summary>
            Frameworks that are packages based across all versions.
            </summary>
        </member>
        <member name="F:NuGet.Frameworks.NuGetFramework.UnsupportedFramework">
            <summary>
            An unknown or invalid framework
            </summary>
        </member>
        <member name="F:NuGet.Frameworks.NuGetFramework.AgnosticFramework">
            <summary>
            A framework with no specific target framework. This can be used for content only packages.
            </summary>
        </member>
        <member name="F:NuGet.Frameworks.NuGetFramework.AnyFramework">
            <summary>
            A wildcard matching all frameworks
            </summary>
        </member>
        <member name="M:NuGet.Frameworks.NuGetFramework.Parse(System.String)">
            <summary>
            Creates a NuGetFramework from a folder name using the default mappings.
            </summary>
        </member>
        <member name="M:NuGet.Frameworks.NuGetFramework.Parse(System.String,NuGet.Frameworks.IFrameworkNameProvider)">
            <summary>
            Creates a NuGetFramework from a folder name using the given mappings.
            </summary>
        </member>
        <member name="M:NuGet.Frameworks.NuGetFramework.ParseFrameworkName(System.String,NuGet.Frameworks.IFrameworkNameProvider)">
            <summary>
            Creates a NuGetFramework from a .NET FrameworkName
            </summary>
        </member>
        <member name="M:NuGet.Frameworks.NuGetFramework.ParseFolder(System.String)">
            <summary>
            Creates a NuGetFramework from a folder name using the default mappings.
            </summary>
        </member>
        <member name="M:NuGet.Frameworks.NuGetFramework.ParseFolder(System.String,NuGet.Frameworks.IFrameworkNameProvider)">
            <summary>
            Creates a NuGetFramework from a folder name using the given mappings.
            </summary>
        </member>
        <member name="M:NuGet.Frameworks.NuGetFramework.TryParseDeprecatedFramework(System.String,NuGet.Frameworks.NuGetFramework@)">
            <summary>
            Attempt to parse a common but deprecated framework using an exact string match
            Support for these should be dropped as soon as possible.
            </summary>
        </member>
        <member name="M:NuGet.Frameworks.NuGetFramework.TryParseCommonFramework(System.String,NuGet.Frameworks.NuGetFramework@)">
            <summary>
            A set of special and common frameworks that can be returned from the list of constants without parsing
            Using the interned frameworks here optimizes comparisons since they can be checked by reference.
            This is designed to optimize
            </summary>
        </member>
        <member name="M:NuGet.Frameworks.NuGetFrameworkUtility.GetNearest``1(System.Collections.Generic.IEnumerable{``0},NuGet.Frameworks.NuGetFramework,System.Func{``0,NuGet.Frameworks.NuGetFramework})">
            <summary>
            Find the most compatible group based on target framework
            </summary>
            <param name="items">framework specific groups or items</param>
            <param name="framework">project target framework</param>
            <param name="selector">retrieves the framework from the group</param>
        </member>
        <member name="M:NuGet.Frameworks.NuGetFrameworkUtility.GetNearest``1(System.Collections.Generic.IEnumerable{``0},NuGet.Frameworks.NuGetFramework,NuGet.Frameworks.IFrameworkNameProvider,NuGet.Frameworks.IFrameworkCompatibilityProvider,System.Func{``0,NuGet.Frameworks.NuGetFramework})">
            <summary>
            Find the most compatible group based on target framework
            </summary>
            <param name="items">framework specific groups or items</param>
            <param name="framework">project target framework</param>
            <param name="selector">retrieves the framework from the group</param>
            <param name="frameworkMappings">framework mappings</param>
        </member>
        <member name="M:NuGet.Frameworks.NuGetFrameworkUtility.GetNearest``1(System.Collections.Generic.IEnumerable{``0},NuGet.Frameworks.NuGetFramework)">
            <summary>
            Find the most compatible group based on target framework
            </summary>
            <param name="items">framework specific groups or items</param>
            <param name="framework">project target framework</param>
        </member>
        <member name="M:NuGet.Frameworks.NuGetFrameworkUtility.GetNearest``1(System.Collections.Generic.IEnumerable{``0},NuGet.Frameworks.NuGetFramework,NuGet.Frameworks.IFrameworkNameProvider,NuGet.Frameworks.IFrameworkCompatibilityProvider)">
            <summary>
            Find the most compatible group based on target framework
            </summary>
            <param name="items">framework specific groups or items</param>
            <param name="framework">project target framework</param>
        </member>
        <member name="M:NuGet.Frameworks.NuGetFrameworkUtility.IsCompatibleWithFallbackCheck(NuGet.Frameworks.NuGetFramework,NuGet.Frameworks.NuGetFramework)">
            <summary>
            Check compatibility with additional checks for the fallback framework.
            </summary>
        </member>
        <member name="M:NuGet.Frameworks.NuGetFrameworkUtility.IsNetCore50AndUp(NuGet.Frameworks.NuGetFramework)">
            <summary>
            True if the framework is netcore50 or higher. This is where the framework
            becomes packages based.
            </summary>
        </member>
        <member name="M:NuGet.Frameworks.OneWayCompatibilityMappingEntry.#ctor(NuGet.Frameworks.FrameworkRange,NuGet.Frameworks.FrameworkRange)">
            <summary>
            Creates a one way compatibility mapping.
            Ex: net -supports-> native
            </summary>
            <param name="targetFramework">Project framework</param>
            <param name="supportedFramework">Framework that is supported by the project framework</param>
        </member>
        <member name="P:NuGet.Frameworks.OneWayCompatibilityMappingEntry.TargetFrameworkRange">
            <summary>
            Primary framework range or project target framework that supports the SuppportedFrameworkRange
            </summary>
        </member>
        <member name="P:NuGet.Frameworks.OneWayCompatibilityMappingEntry.SupportedFrameworkRange">
            <summary>
            Framework range that is supported by the TargetFrameworkRange
            </summary>
        </member>
        <member name="T:NuGet.Frameworks.Strings">
            <summary>
               A strongly-typed resource class, for looking up localized strings, etc.
            </summary>
        </member>
        <member name="P:NuGet.Frameworks.Strings.ResourceManager">
            <summary>
               Returns the cached ResourceManager instance used by this class.
            </summary>
        </member>
        <member name="P:NuGet.Frameworks.Strings.Culture">
            <summary>
               Overrides the current thread's CurrentUICulture property for all
               resource lookups using this strongly typed resource class.
            </summary>
        </member>
        <member name="P:NuGet.Frameworks.Strings.FrameworkMismatch">
            <summary>
               Looks up a localized string similar to Frameworks must have the same identifier, profile, and platform..
            </summary>
        </member>
        <member name="P:NuGet.Frameworks.Strings.InvalidFrameworkIdentifier">
            <summary>
               Looks up a localized string similar to Invalid framework identifier &apos;{0}&apos;..
            </summary>
        </member>
        <member name="P:NuGet.Frameworks.Strings.InvalidFrameworkVersion">
            <summary>
               Looks up a localized string similar to Invalid framework version &apos;{0}&apos;..
            </summary>
        </member>
        <member name="P:NuGet.Frameworks.Strings.InvalidPortableFrameworksDueToHyphen">
            <summary>
               Looks up a localized string similar to Invalid portable frameworks &apos;{0}&apos;. A hyphen may not be in any of the portable framework names..
            </summary>
        </member>
        <member name="P:NuGet.Frameworks.Strings.MissingPortableFrameworks">
            <summary>
               Looks up a localized string similar to Invalid portable frameworks for &apos;{0}&apos;. A portable framework must have at least one framework in the profile..
            </summary>
        </member>
        <member name="T:NuGet.Frameworks.FrameworkPrecedenceSorter">
            <summary>
            Sorts frameworks according to the framework mappings
            </summary>
        </member>
        <member name="T:NuGet.Frameworks.NuGetFrameworkFullComparer">
            <summary>
            A case insensitive compare of the framework, version, and profile
            </summary>
        </member>
        <member name="T:NuGet.Frameworks.NuGetFrameworkNameComparer">
            <summary>
            A case insensitive compare of the framework name only
            </summary>
        </member>
        <member name="T:NuGet.Frameworks.NuGetFrameworkSorter">
            <summary>
            Sorts NuGet Frameworks in a consistent way for package readers.
            The order is not particularly useful here beyond making things deterministic
            since it compares completely different frameworks.
            </summary>
        </member>
        <member name="M:NuGet.Frameworks.IFrameworkCompatibilityListProvider.GetFrameworksSupporting(NuGet.Frameworks.NuGetFramework)">
            <summary>
            Get a list of frameworks supporting the provided framework. This list
            is not meant to be exhaustive but is instead meant to be human-readable.
            Ex: netstandard1.5 -> netstandardapp1.5, net462, dnxcore50, ...
            </summary>
        </member>
        <member name="M:NuGet.Frameworks.IFrameworkCompatibilityProvider.IsCompatible(NuGet.Frameworks.NuGetFramework,NuGet.Frameworks.NuGetFramework)">
            <summary>
            Ex: IsCompatible(net45, net40) -> true
            Ex: IsCompatible(net40, net45) -> false
            </summary>
            <param name="framework">Project target framework</param>
            <param name="other">Library framework that is going to be installed</param>
            <returns>True if framework supports other</returns>
        </member>
        <member name="T:NuGet.Frameworks.IFrameworkMappings">
            <summary>
            A raw list of framework mappings. These are indexed by the framework name provider and in most cases all
            mappings are
            mirrored so that the IFrameworkMappings implementation only needs to provide the minimum amount of
            mappings.
            </summary>
        </member>
        <member name="P:NuGet.Frameworks.IFrameworkMappings.IdentifierSynonyms">
            <summary>
            Synonym &#8210;&gt; Identifier
            Ex: NET Framework &#8210;&gt; .NET Framework
            </summary>
        </member>
        <member name="P:NuGet.Frameworks.IFrameworkMappings.IdentifierShortNames">
            <summary>
            Ex: .NET Framework &#8210;&gt; net
            </summary>
        </member>
        <member name="P:NuGet.Frameworks.IFrameworkMappings.ProfileShortNames">
            <summary>
            Ex: WindowsPhone &#8210;&gt; wp
            </summary>
        </member>
        <member name="P:NuGet.Frameworks.IFrameworkMappings.EquivalentFrameworks">
            <summary>
            Equal frameworks. Used for legacy conversions.
            ex: Framework: Win8 &lt;&#8210;&gt; Framework: NetCore45 Platform: Win8
            </summary>
        </member>
        <member name="P:NuGet.Frameworks.IFrameworkMappings.EquivalentProfiles">
            <summary>
            Framework, EquivalentProfile1, EquivalentProfile2
            Ex: Silverlight, WindowsPhone71, WindowsPhone
            </summary>
        </member>
        <member name="P:NuGet.Frameworks.IFrameworkMappings.SubSetFrameworks">
            <summary>
            Frameworks which are subsets of others.
            Ex: .NETCore &#8210;&gt; .NET
            Everything in .NETCore maps to .NET and is one way compatible. Version numbers follow the same format.
            </summary>
        </member>
        <member name="P:NuGet.Frameworks.IFrameworkMappings.CompatibilityMappings">
            <summary>
            Additional framework compatibility rules beyond name and version matching.
            Ex: .NETFramework supports &#8210;&gt; Native
            </summary>
        </member>
        <member name="P:NuGet.Frameworks.IFrameworkMappings.NonPackageBasedFrameworkPrecedence">
            <summary>
            Ordered list of framework identifiers. The first framework in the list will be preferred over other 
            framework identifiers. This is enable better tie breaking in scenarios where legacy frameworks are 
            equivalently compatible to a new framework.
            Example: UAP10.0 &#8210;&gt; win81, wpa81
            </summary>
        </member>
        <member name="P:NuGet.Frameworks.IFrameworkMappings.PackageBasedFrameworkPrecedence">
            <summary>
            Same as <see cref="P:NuGet.Frameworks.IFrameworkMappings.NonPackageBasedFrameworkPrecedence"/> but is only referred to if all of the packages
            in consideration are package based (determined by <see cref="P:NuGet.Frameworks.NuGetFramework.IsPackageBased"/>).
            </summary>
        </member>
        <member name="P:NuGet.Frameworks.IFrameworkMappings.EquivalentFrameworkPrecedence">
            <summary>
            Only used to choose between frameworks that are equivalent. This favors more human-readable target
            frameworks identifiers.
            </summary>
        </member>
        <member name="P:NuGet.Frameworks.IFrameworkMappings.ShortNameReplacements">
            <summary>
            Rewrite folder short names to the given value.
            Ex: dotnet50 &#8210;&gt; dotnet
            </summary>
        </member>
        <member name="P:NuGet.Frameworks.IFrameworkMappings.FullNameReplacements">
            <summary>
            Rewrite full framework names to the given value.
            Ex: .NETPlatform,Version=v0.0 &#8210;&gt; .NETPlatform,Version=v5.0
            </summary>
        </member>
        <member name="M:NuGet.Frameworks.IFrameworkNameProvider.TryGetIdentifier(System.String,System.String@)">
            <summary>
            Returns the official framework identifier for an alias or short name.
            </summary>
        </member>
        <member name="M:NuGet.Frameworks.IFrameworkNameProvider.TryGetShortIdentifier(System.String,System.String@)">
            <summary>
            Gives the short name used for folders in NuGet
            </summary>
        </member>
        <member name="M:NuGet.Frameworks.IFrameworkNameProvider.TryGetProfile(System.String,System.String,System.String@)">
            <summary>
            Get the official profile name from the short name.
            </summary>
        </member>
        <member name="M:NuGet.Frameworks.IFrameworkNameProvider.TryGetShortProfile(System.String,System.String,System.String@)">
            <summary>
            Returns the shortened version of the profile name.
            </summary>
        </member>
        <member name="M:NuGet.Frameworks.IFrameworkNameProvider.TryGetVersion(System.String,System.Version@)">
            <summary>
            Parses a version string using single digit rules if no dots exist
            </summary>
        </member>
        <member name="M:NuGet.Frameworks.IFrameworkNameProvider.GetVersionString(System.String,System.Version)">
            <summary>
            Returns a shortened version. If all digits are single digits no dots will be used.
            </summary>
        </member>
        <member name="M:NuGet.Frameworks.IFrameworkNameProvider.TryGetPortableProfileNumber(System.String,System.Int32@)">
            <summary>
            Tries to parse the portable profile number out of a profile.
            </summary>
        </member>
        <member name="M:NuGet.Frameworks.IFrameworkNameProvider.TryGetPortableProfile(System.Collections.Generic.IEnumerable{NuGet.Frameworks.NuGetFramework},System.Int32@)">
            <summary>
            Looks up the portable profile number based on the framework list.
            </summary>
        </member>
        <member name="M:NuGet.Frameworks.IFrameworkNameProvider.TryGetPortableFrameworks(System.Int32,System.Collections.Generic.IEnumerable{NuGet.Frameworks.NuGetFramework}@)">
            <summary>
            Returns the frameworks based on a portable profile number.
            </summary>
        </member>
        <member name="M:NuGet.Frameworks.IFrameworkNameProvider.TryGetPortableFrameworks(System.Int32,System.Boolean,System.Collections.Generic.IEnumerable{NuGet.Frameworks.NuGetFramework}@)">
            <summary>
            Returns the frameworks based on a portable profile number.
            </summary>
        </member>
        <member name="M:NuGet.Frameworks.IFrameworkNameProvider.TryGetPortableFrameworks(System.String,System.Boolean,System.Collections.Generic.IEnumerable{NuGet.Frameworks.NuGetFramework}@)">
            <summary>
            Returns the frameworks based on a profile string.
            Profile can be either the number in format: Profile=7, or the shortened NuGet version: net45+win8
            </summary>
        </member>
        <member name="M:NuGet.Frameworks.IFrameworkNameProvider.TryGetPortableFrameworks(System.String,System.Collections.Generic.IEnumerable{NuGet.Frameworks.NuGetFramework}@)">
            <summary>
            Parses a shortened portable framework profile list.
            Ex: net45+win8
            </summary>
        </member>
        <member name="M:NuGet.Frameworks.IFrameworkNameProvider.TryGetPortableCompatibilityMappings(System.Int32,System.Collections.Generic.IEnumerable{NuGet.Frameworks.FrameworkRange}@)">
            <summary>
            Returns ranges of frameworks that are known to be supported by the given portable profile number.
            Ex: Profile7 -> netstandard1.1
            </summary>
        </member>
        <member name="M:NuGet.Frameworks.IFrameworkNameProvider.TryGetEquivalentFrameworks(NuGet.Frameworks.NuGetFramework,System.Collections.Generic.IEnumerable{NuGet.Frameworks.NuGetFramework}@)">
            <summary>
            Returns a list of all possible substitutions where the framework name
            have equivalents.
            Ex: sl3 -> wp8
            </summary>
        </member>
        <member name="M:NuGet.Frameworks.IFrameworkNameProvider.TryGetEquivalentFrameworks(NuGet.Frameworks.FrameworkRange,System.Collections.Generic.IEnumerable{NuGet.Frameworks.NuGetFramework}@)">
            <summary>
            Gives all substitutions for a framework range.
            </summary>
        </member>
        <member name="M:NuGet.Frameworks.IFrameworkNameProvider.TryGetCompatibilityMappings(NuGet.Frameworks.NuGetFramework,System.Collections.Generic.IEnumerable{NuGet.Frameworks.FrameworkRange}@)">
            <summary>
            Returns ranges of frameworks that are known to be supported by the given framework.
            Ex: net45 -> native
            </summary>
        </member>
        <member name="M:NuGet.Frameworks.IFrameworkNameProvider.TryGetSubSetFrameworks(System.String,System.Collections.Generic.IEnumerable{System.String}@)">
            <summary>
            Returns all sub sets of the given framework.
            Ex: .NETFramework -> .NETCore
            These will have the same version, but a different framework
            </summary>
        </member>
        <member name="M:NuGet.Frameworks.IFrameworkNameProvider.CompareFrameworks(NuGet.Frameworks.NuGetFramework,NuGet.Frameworks.NuGetFramework)">
            <summary>
            The ascending order of frameworks should be based on the following ordered groups:
            
            1. Non-package-based frameworks in <see cref="P:NuGet.Frameworks.IFrameworkMappings.NonPackageBasedFrameworkPrecedence"/>.
            2. Other non-package-based frameworks.
            3. Package-based frameworks in <see cref="P:NuGet.Frameworks.IFrameworkMappings.PackageBasedFrameworkPrecedence"/>.
            4. Other package-based frameworks.
            
            For group #1 and #3, the order within the group is based on the order of the respective precedence list.
            For group #2 and #4, the order is the original order in the incoming list. This should later be made
            consistent between different input orderings by using the <see cref="T:NuGet.Frameworks.NuGetFrameworkSorter"/>.
            </summary>
            <remarks>netcore50 is a special case since netcore451 is not packages based, but netcore50 is.
            This sort will treat all versions of netcore as non-packages based.</remarks>
        </member>
        <member name="M:NuGet.Frameworks.IFrameworkNameProvider.CompareEquivalentFrameworks(NuGet.Frameworks.NuGetFramework,NuGet.Frameworks.NuGetFramework)">
            <summary>
            Used to pick between two equivalent frameworks. This is meant to favor the more human-readable
            framework. Note that this comparison does not validate that the provided frameworks are indeed
            equivalent (e.g. with
            <see cref="M:NuGet.Frameworks.IFrameworkNameProvider.TryGetEquivalentFrameworks(NuGet.Frameworks.NuGetFramework,System.Collections.Generic.IEnumerable{NuGet.Frameworks.NuGetFramework}@)"/>).
            </summary>
        </member>
        <member name="M:NuGet.Frameworks.IFrameworkNameProvider.GetShortNameReplacement(NuGet.Frameworks.NuGetFramework)">
            <summary>
            Returns folder short names rewrites.
            Ex: dotnet50 -> dotnet
            </summary>
        </member>
        <member name="M:NuGet.Frameworks.IFrameworkNameProvider.GetFullNameReplacement(NuGet.Frameworks.NuGetFramework)">
            <summary>
            Returns full name rewrites.
            Ex: .NETPlatform,Version=v0.0 -> .NETPlatform,Version=v5.0
            </summary>
        </member>
        <member name="M:NuGet.Frameworks.IFrameworkNameProvider.GetNetStandardVersions">
            <summary>
            Returns all versions of .NETStandard in ascending order.
            </summary>
        </member>
        <member name="M:NuGet.Frameworks.IFrameworkNameProvider.GetCompatibleCandidates">
            <summary>
            Returns a list of frameworks that could be compatible with .NETStandard.
            </summary>
        </member>
        <member name="T:NuGet.Frameworks.IFrameworkSpecific">
            <summary>
            A group or object that is specific to a single target framework
            </summary>
        </member>
        <member name="P:NuGet.Frameworks.IFrameworkSpecific.TargetFramework">
            <summary>
            Target framework
            </summary>
        </member>
        <member name="T:NuGet.Frameworks.IFrameworkTargetable">
            <summary>
            Use this to expose the list of target frameworks an object can be used for.
            </summary>
        </member>
        <member name="P:NuGet.Frameworks.IFrameworkTargetable.SupportedFrameworks">
            <summary>
            All frameworks supported by the parent
            </summary>
        </member>
        <member name="P:NuGet.Frameworks.IPortableFrameworkMappings.ProfileFrameworks">
            <summary>
            Ex: 5 -> net4, win8
            </summary>
        </member>
        <member name="P:NuGet.Frameworks.IPortableFrameworkMappings.ProfileOptionalFrameworks">
            <summary>
            Additional optional frameworks supported in a portable profile.
            Ex: 5 -> MonoAndroid1+MonoTouch1
            </summary>
        </member>
        <member name="P:NuGet.Frameworks.IPortableFrameworkMappings.CompatibilityMappings">
            <summary>
            Compatibility mapping for portable profiles. This is a separate compatibility from that in
            <see cref="P:NuGet.Frameworks.IFrameworkMappings.CompatibilityMappings"/>.
            </summary>
        </member>
        <member name="T:NuGet.Shared.HashCodeCombiner">
            <summary>
            Hash code creator, based on the original NuGet hash code combiner/ASP hash code combiner implementations
            </summary>
        </member>
        <member name="M:NuGet.Shared.HashCodeCombiner.GetHashCode(System.Object[])">
            <summary>
            Create a unique hash code for the given set of items
            </summary>
        </member>
        <member name="M:NuGet.Shared.Extensions.OrderedEquals``2(System.Collections.Generic.IEnumerable{``0},System.Collections.Generic.IEnumerable{``0},System.Func{``0,``1},System.Collections.Generic.IComparer{``1},System.Collections.Generic.IEqualityComparer{``0})">
            <summary>
            Compares two enumberables for equality, ordered according to the specified key and optional comparer. Handles null values gracefully.
            </summary>
            <typeparam name="TSource">The type of the list</typeparam>
            <typeparam name="TKey">The type of the sorting key</typeparam>
            <param name="self">This list</param>
            <param name="other">The other list</param>
            <param name="keySelector">The function to extract the key from each item in the list</param>
            <param name="orderComparer">An optional comparer for comparing keys</param>
            <param name="sequenceComparer">An optional comparer for sequences</param>
        </member>
    </members>
</doc>
